<?xml version="1.0" encoding="US-ASCII"?>
<SoftwareAG_License>
<Component Id="SalesInfo">
<SerialNumber>0000634611</SerialNumber>
<LicenseKey>714BF15EBE9656F05C674F49CF25AE93</LicenseKey>
<CustomerID>3150000</CustomerID>
<CustomerName>Software AG Integration v10.11 Free Trial until April 30, 2022</CustomerName>
<ContractDetails>SOFTWARE AG internal license solely for sales promotion and internal training purposes. Please note that this access key is for your personal use only. Access and software shall not be forwarded to anybody else</ContractDetails>
<ContractPosNumber>10</ContractPosNumber>
<LicenseTypeDetails>Internal</LicenseTypeDetails>
<AutoCallHome>No</AutoCallHome>
</Component>
<Component Id="ProductInfo">
<ExpirationDate>2022/04/30</ExpirationDate>
<OS>win, Linux</OS>
<ProductCode>MAT</ProductCode>
<ProductID/>
<ProductName>ActiveTransfer Server</ProductName>
<ProductVersion>10.0</ProductVersion>
<Usage/>
<RenewalDate/>
<HigherLevPosNr/>
<HigherLevProdCode/>
<HigherLevProdName/>
</Component>
<Component Id="Integration Server">
<ProductCode>PIE</ProductCode>
<ProductVersion>10.0</ProductVersion>
<ConcurrentSessions>Unlimited</ConcurrentSessions>
<Clustering>no</Clustering>
<PubSub>no</PubSub>
<ART>no</ART>
<RemoteInvoke>no</RemoteInvoke>
<GuaranteedDelivery>no</GuaranteedDelivery>
<SecurityAuditing>no</SecurityAuditing>
<ReverseGateway>no</ReverseGateway>
<MobileGateway>no</MobileGateway>
<DistributedCache>no</DistributedCache>
</Component>
<Component Id="LicenseInfo">
<PriceUnit>CoreB</PriceUnit>
<PriceQuantity>1</PriceQuantity>
<TypeOfInstallation/>
<LicenseType/>
<ExtendedRights/>
<LicenseVersion>1.2</LicenseVersion>
<Metering>MNO</Metering>
</Component>
</SoftwareAG_License>